{
  "hash": "ed67fd2e",
  "configHash": "941a09bc",
  "lockfileHash": "6bc24cf0",
  "browserHash": "8d8fbc78",
  "optimized": {
    "@angular/core": {
      "src": "../../../../../../node_modules/@angular/core/fesm2022/core.mjs",
      "file": "@angular_core.js",
      "fileHash": "fd2394d8",
      "needsInterop": false
    },
    "@angular/platform-browser": {
      "src": "../../../../../../node_modules/@angular/platform-browser/fesm2022/platform-browser.mjs",
      "file": "@angular_platform-browser.js",
      "fileHash": "c1f1c594",
      "needsInterop": false
    },
    "@angular/router": {
      "src": "../../../../../../node_modules/@angular/router/fesm2022/router.mjs",
      "file": "@angular_router.js",
      "fileHash": "82776aa7",
      "needsInterop": false
    },
    "@angular/material/toolbar": {
      "src": "../../../../../../node_modules/@angular/material/fesm2022/toolbar.mjs",
      "file": "@angular_material_toolbar.js",
      "fileHash": "a11ccb8b",
      "needsInterop": false
    },
    "@angular/material/sidenav": {
      "src": "../../../../../../node_modules/@angular/material/fesm2022/sidenav.mjs",
      "file": "@angular_material_sidenav.js",
      "fileHash": "31781316",
      "needsInterop": false
    },
    "@angular/material/list": {
      "src": "../../../../../../node_modules/@angular/material/fesm2022/list.mjs",
      "file": "@angular_material_list.js",
      "fileHash": "e2260b01",
      "needsInterop": false
    },
    "@angular/material/button": {
      "src": "../../../../../../node_modules/@angular/material/fesm2022/button.mjs",
      "file": "@angular_material_button.js",
      "fileHash": "ae1e1560",
      "needsInterop": false
    },
    "@angular/material/icon": {
      "src": "../../../../../../node_modules/@angular/material/fesm2022/icon.mjs",
      "file": "@angular_material_icon.js",
      "fileHash": "81e9ae06",
      "needsInterop": false
    },
    "@angular/common": {
      "src": "../../../../../../node_modules/@angular/common/fesm2022/common.mjs",
      "file": "@angular_common.js",
      "fileHash": "947e846d",
      "needsInterop": false
    },
    "@angular/cdk/bidi": {
      "src": "../../../../../../node_modules/@angular/cdk/fesm2022/bidi.mjs",
      "file": "@angular_cdk_bidi.js",
      "fileHash": "ade9c6ea",
      "needsInterop": false
    },
    "@angular/cdk/scrolling": {
      "src": "../../../../../../node_modules/@angular/cdk/fesm2022/scrolling.mjs",
      "file": "@angular_cdk_scrolling.js",
      "fileHash": "8c43625b",
      "needsInterop": false
    },
    "@angular/material/divider": {
      "src": "../../../../../../node_modules/@angular/material/fesm2022/divider.mjs",
      "file": "@angular_material_divider.js",
      "fileHash": "97c78b1f",
      "needsInterop": false
    },
    "@angular/forms": {
      "src": "../../../../../../node_modules/@angular/forms/fesm2022/forms.mjs",
      "file": "@angular_forms.js",
      "fileHash": "533d09ac",
      "needsInterop": false
    },
    "@angular/cdk/drag-drop": {
      "src": "../../../../../../node_modules/@angular/cdk/fesm2022/drag-drop.mjs",
      "file": "@angular_cdk_drag-drop.js",
      "fileHash": "b63bc562",
      "needsInterop": false
    },
    "@angular/material/card": {
      "src": "../../../../../../node_modules/@angular/material/fesm2022/card.mjs",
      "file": "@angular_material_card.js",
      "fileHash": "c76e39c8",
      "needsInterop": false
    },
    "@angular/material/form-field": {
      "src": "../../../../../../node_modules/@angular/material/fesm2022/form-field.mjs",
      "file": "@angular_material_form-field.js",
      "fileHash": "c3e794d3",
      "needsInterop": false
    },
    "@angular/material/input": {
      "src": "../../../../../../node_modules/@angular/material/fesm2022/input.mjs",
      "file": "@angular_material_input.js",
      "fileHash": "b3fb4141",
      "needsInterop": false
    },
    "@angular/cdk/text-field": {
      "src": "../../../../../../node_modules/@angular/cdk/fesm2022/text-field.mjs",
      "file": "@angular_cdk_text-field.js",
      "fileHash": "7b34b2ca",
      "needsInterop": false
    }
  },
  "chunks": {
    "chunk-PXQOB4QZ": {
      "file": "chunk-PXQOB4QZ.js"
    },
    "chunk-E3XZKEDH": {
      "file": "chunk-E3XZKEDH.js"
    },
    "chunk-ZYMPHC7L": {
      "file": "chunk-ZYMPHC7L.js"
    },
    "chunk-FXLQ5DRV": {
      "file": "chunk-FXLQ5DRV.js"
    },
    "chunk-JSJU4MVJ": {
      "file": "chunk-JSJU4MVJ.js"
    },
    "chunk-WMXAXP75": {
      "file": "chunk-WMXAXP75.js"
    },
    "chunk-RUGK3KGF": {
      "file": "chunk-RUGK3KGF.js"
    },
    "chunk-ZVVJ2BJM": {
      "file": "chunk-ZVVJ2BJM.js"
    },
    "chunk-Y3UP4ZJX": {
      "file": "chunk-Y3UP4ZJX.js"
    },
    "chunk-7T7YZIUN": {
      "file": "chunk-7T7YZIUN.js"
    },
    "chunk-XDI6XKEU": {
      "file": "chunk-XDI6XKEU.js"
    },
    "chunk-A3CSMTED": {
      "file": "chunk-A3CSMTED.js"
    },
    "chunk-QBDLPLTU": {
      "file": "chunk-QBDLPLTU.js"
    },
    "chunk-KFHJ6PS7": {
      "file": "chunk-KFHJ6PS7.js"
    }
  }
}